comments,polarity
عواشر مبروكه خويا العزيز والدخل عليك بالصحه والسلامه وبصحه الحولي ديالك بالصحه والراحه  ‪3:31‬,
Khoya marhba hawl tzid kaliti video lah iwaf9,
خوة الله يرحم ليكم لوالدين لما شجعوني بشي ابوني معاكم ,
الله يسعد مساءك بالهنا والراحة وبصحة الله يفرحك,
هاد الحاولي ميت من شحال هاديبقاو غي تصاور ديالو كان مشهور,
7awli ma fham walo ,
تلعب اولدي شحال من واحد قاتلووو المطور فوق الحولي,
Khoya marehaba bghibake tareja3e kifema lawale ochokeran,
An lwale ,
بسم الله الرحمن الرحيم ماشاء الله تبارك الله لااله إلا الله وحده لا شريك له له الملك وله الحمد يحيي ويميت وهو على كل شيء قدير سبحان الله وبحمده سبحان الله العظيم استغفر الله العظيم واتوب اليه عدد خلقه ورضا نفسه وزنه عرشه ومداد كلماته الطيبه المباركه اللهم صل وسلم وبارك على سيدنا محمد وعلى اله وصحبه اجمعين تحياتي لك اخي الكريم سبحان الله الخالق المصوره المبدع,
تحاتي خويا مرحبا رجع لمغامرات ديما كتفرجنا,
وامي كرشي,
شحال من واحد كيشوف هاد تعليق بعت تشوف ممتك في جنة الفردوس الا درت ليا أبوني ززاك الله خيرا اخي الكريم وأختي العزيزة,
 ml3ouba,
ملعوبة ودايزة عواشر,
Vidio 9dim,
Salam cv ,
,
ااااخييت علىى مرحبا خياااااااااااااااتتت,
العريان هههههههههههههههههههههههههههههههههههههههههه,
Sahb YouTube kamlin labs in jlaba 3lc ? Hhhhh Wla machin tnsbo 3la kasba,
زكوط  هرب نتا والله,
الله يسهل على اي واحد هنا كنتمنا ليكوم حياة سعيدة الله يخلي بيكوم واليديكم دعم خوك بي اشتراك جزاك الله خيرا ,
